{
  "project_info": {
    "project_number": "420973601507",
    "firebase_url": "https://product-details-25043-default-rtdb.firebaseio.com",
    "project_id": "product-details-25043",
    "storage_bucket": "product-details-25043.firebasestorage.app"
  },
  "client": [
    {
      "client_info": {
        "mobilesdk_app_id": "1:420973601507:android:afdca53596c88a2cbcdbd6",
        "android_client_info": {
          "package_name": "com.singlepointsol.nykaaproductdetails"
        }
      },
      "oauth_client": [],
      "api_key": [
        {
          "current_key": "AIzaSyA0Kg_J6yXcjeSbUiKfgunRozqTfagtQ_o"
        }
      ],
      "services": {
        "appinvite_service": {
          "other_platform_oauth_client": []
        }
      }
    }
  ],
  "configuration_version": "1"
}