{
"employees":[
{
"name":"Alekhya",
"email":"alekhya@gmail.com",
"phone":"9490123831",
"designation":"software"
},
{
"name":"Kavitha",
"email":"kavitha@gmail.com",
"phone":"789456123",
"designation":"developer"
},
{
"name":"adilakshmi",
"email":"adi@gmail.com",
"phone":"564789321",
"designation":"testing"
},
{
"name":"srekar",
"email":"srekar@gmail.com",
"phone":"896325417",
"designation":"Software engineer"
},
{
"name":"akilesh",
"email":"aki@gmail.com",
"phone":"9854126687",
"designation":"mobile developer"
},
{
"name":"karthik",
"email":"karthik@gmail.com",
"phone":"852147963",
"designation":"sw"
}
]
}